Workbook

Sheet Weekly Projections
A1: Player | B1: Position | C1: NFL Team | D1: Fantasy Team | E1: Bye | F1: Wk 1 | G1: Wk 2 | H1: Wk 3 | I1: Wk 4 | J1: Wk 5 | K1: Wk 6 | L1: Wk 7 | M1: Wk 8 | N1: Wk 9 | O1: Wk 10 | P1: Wk 11 | Q1: Wk 12 | R1: Wk 13 | S1: Wk 14 | T1: Wk 15 | U1: Wk 16 | V1: Wk 17 | W1: Wk 18 | X1: Season Total | Y1: Avg/Wk (excl. bye)
A2: Commanders TQB | B2: TQB | C2: WSH | D2: Balls Deep! | E2: 7 | F2: 19.51 | G2: 21.45 | H2: 19.96 | I2: 22.32 | J2: 22.85 | K2: 21.48 | L2: 0 | M2: 20.54 | N2: 20.12 | O2: 21.84 | P2: 23.34 | Q2: 23.13 | R2: 22.2 | S2: 18.99 | T2: 23.72 | U2: 21.46 | V2: 21.42 | W2: 22.16 | X2: =SUM(F2:W2) -> 366.49 | Y2: =IFERROR(AVERAGEIF(F2:W2,">0"),0) -> 21.558235
A3: Chargers TQB | B3: TQB | C3: LAC | D3: Balls Deep! | E3: 7 | F3: 22.13 | G3: 21.92 | H3: 20.89 | I3: 17.21 | J3: 18.27 | K3: 18.65 | L3: 0 | M3: 17.35 | N3: 17.25 | O3: 18.2 | P3: 20.55 | Q3: 19.57 | R3: 19.01 | S3: 20.94 | T3: 20.59 | U3: 21.67 | V3: 19.64 | W3: 17.27 | X3: =SUM(F3:W3) -> 331.11 | Y3: =IFERROR(AVERAGEIF(F3:W3,">0"),0) -> 19.477059
A4: Derrick Henry | B4: RB | C4: BAL | D4: Balls Deep! | E4: 13 | F4: 17.95 | G4: 18.69 | H4: 17.54 | I4: 19.76 | J4: 19.03 | K4: 17.21 | L4: 18.97 | M4: 18.23 | N4: 18.69 | O4: 17.8 | P4: 18.24 | Q4: 15.59 | R4: 0 | S4: 17.98 | T4: 16.07 | U4: 18.14 | V4: 18.05 | W4: 16.97 | X4: =SUM(F4:W4) -> 304.91 | Y4: =IFERROR(AVERAGEIF(F4:W4,">0"),0) -> 17.935882
A5: Kyren Williams | B5: RB | C5: LAR | D5: Balls Deep! | E5: 11 | F5: 14.58 | G5: 15.39 | H5: 12.83 | I5: 13.12 | J5: 15.64 | K5: 16.59 | L5: 15.59 | M5: 14.6 | N5: 15.62 | O5: 15.93 | P5: 0 | Q5: 14.63 | R5: 14.32 | S5: 14.28 | T5: 14.77 | U5: 12.77 | V5: 14.09 | W5: 13.36 | X5: =SUM(F5:W5) -> 248.11 | Y5: =IFERROR(AVERAGEIF(F5:W5,">0"),0) -> 14.594706
A6: Rhamondre Stevenson | B6: RB | C6: NE | D6: Balls Deep! | E6: 11 | F6: 10.88 | G6: 11.72 | H6: 12.37 | I6: 12.74 | J6: 13.55 | K6: 12.75 | L6: 12.13 | M6: 13.68 | N6: 12.33 | O6: 11.82 | P6: 0 | Q6: 11.86 | R6: 13.21 | S6: 12.71 | T6: 11.63 | U6: 12.27 | V6: 11.35 | W6: 14.18 | X6: =SUM(F6:W6) -> 211.18 | Y6: =IFERROR(AVERAGEIF(F6:W6,">0"),0) -> 12.422353
A7: Chuba Hubbard | B7: RB | C7: CAR | D7: Balls Deep! | E7: 5 | F7: 11.04 | G7: 11.44 | H7: 10.35 | I7: 10.52 | J7: 0 | K7: 9.71 | L7: 10.82 | M7: 10.38 | N7: 9.86 | O7: 10.74 | P7: 10.29 | Q7: 10.41 | R7: 10.71 | S7: 11.15 | T7: 11.46 | U7: 9.79 | V7: 9.84 | W7: 11.86 | X7: =SUM(F7:W7) -> 180.37 | Y7: =IFERROR(AVERAGEIF(F7:W7,">0"),0) -> 10.61
A8: CeeDee Lamb | B8: WR | C8: DAL | D8: Balls Deep! | E8: 14 | F8: 19.11 | G8: 19.98 | H8: 18.47 | I8: 17.56 | J8: 18.81 | K8: 18.76 | L8: 18.11 | M8: 19.7 | N8: 19.18 | O8: 19.32 | P8: 19.14 | Q8: 18.29 | R8: 17.84 | S8: 0 | T8: 18.11 | U8: 19.46 | V8: 19.25 | W8: 19.85 | X8: =SUM(F8:W8) -> 320.94 | Y8: =IFERROR(AVERAGEIF(F8:W8,">0"),0) -> 18.878824
A9: Tetairoa McMillan | B9: WR | C9: CAR | D9: Balls Deep! | E9: 5 | F9: 15.63 | G9: 15.84 | H9: 14.4 | I9: 15.22 | J9: 0 | K9: 14.38 | L9: 15.22 | M9: 15.05 | N9: 14.3 | O9: 15.11 | P9: 14.9 | Q9: 14.98 | R9: 15.14 | S9: 15.35 | T9: 16.24 | U9: 14.11 | V9: 14.37 | W9: 16.04 | X9: =SUM(F9:W9) -> 256.28 | Y9: =IFERROR(AVERAGEIF(F9:W9,">0"),0) -> 15.075294
A10: Terry McLaurin | B10: WR | C10: WSH | D10: Balls Deep! | E10: 7 | F10: 13.11 | G10: 14 | H10: 13.05 | I10: 13.98 | J10: 13.99 | K10: 13.89 | L10: 0 | M10: 13.26 | N10: 13.24 | O10: 13.87 | P10: 14.45 | Q10: 14.25 | R10: 13.83 | S10: 12.86 | T10: 14.23 | U10: 13.63 | V10: 13.94 | W10: 14.07 | X10: =SUM(F10:W10) -> 233.65 | Y10: =IFERROR(AVERAGEIF(F10:W10,">0"),0) -> 13.744118
A11: Matthew Golden | B11: WR | C11: GB | D11: Balls Deep! | E11: 11 | F11: 11.3 | G11: 11.28 | H11: 11.86 | I11: 11.21 | J11: 11.6 | K11: 11.75 | L11: 11.22 | M11: 11.52 | N11: 11.12 | O11: 11.41 | P11: 0 | Q11: 10.8 | R11: 11.29 | S11: 12.27 | T11: 11.97 | U11: 11.48 | V11: 10.62 | W11: 11.35 | X11: =SUM(F11:W11) -> 194.05 | Y11: =IFERROR(AVERAGEIF(F11:W11,">0"),0) -> 11.414706
A12: Trey McBride | B12: TE | C12: ARI | D12: Balls Deep! | E12: 14 | F12: 15.18 | G12: 14.42 | H12: 15.44 | I12: 15.44 | J12: 15.18 | K12: 14.43 | L12: 14.35 | M12: 15.55 | N12: 14.24 | O12: 14.62 | P12: 14.92 | Q12: 16.25 | R12: 14.67 | S12: 0 | T12: 15.28 | U12: 15.14 | V12: 15.46 | W12: 15.19 | X12: =SUM(F12:W12) -> 255.76 | Y12: =IFERROR(AVERAGEIF(F12:W12,">0"),0) -> 15.044706
A13: Juwan Johnson | B13: TE | C13: NO | D13: Balls Deep! | E13: 8 | F13: 8.56 | G13: 8.42 | H13: 9.01 | I13: 9.06 | J13: 8.72 | K13: 8.81 | L13: 8.17 | M13: 0 | N13: 8.23 | O13: 8.69 | P13: 8.67 | Q13: 8.99 | R13: 8.59 | S13: 8.62 | T13: 8.47 | U13: 9.02 | V13: 8.87 | W13: 8.55 | X13: =SUM(F13:W13) -> 147.45 | Y13: =IFERROR(AVERAGEIF(F13:W13,">0"),0) -> 8.6735294
... A161: Tyler Loop | B161: K | C161: BAL | D161: Second String | E161: 13 | F161: 8.49 | G161: 8.83 | H161: 8.61 | I161: 9.02 | J161: 8.68 | K161: 8.2 | L161: 9.02 | M161: 8.68 | N161: 8.93 | O161: 8.73 | P161: 8.49 | Q161: 7.92 | R161: 0 | S161: 8.73 | T161: 8.01 | U161: 8.64 | V161: 8.59 | W161: 8.45 | X161: =SUM(F161:W161) -> 146.02 | Y161: =IFERROR(AVERAGEIF(F161:W161,">0"),0) -> 8.5894118

Sheet Team Weekly Totals
A1: Total projected points from every rostered player (16 per team). Bye-week players contribute 0.
A3: Fantasy Team | B3: Wk 1 | C3: Wk 2 | D3: Wk 3 | E3: Wk 4 | F3: Wk 5 | G3: Wk 6 | H3: Wk 7 | I3: Wk 8 | J3: Wk 9 | K3: Wk 10 | L3: Wk 11 | M3: Wk 12 | N3: Wk 13 | O3: Wk 14 | P3: Wk 15 | Q3: Wk 16 | R3: Wk 17 | S3: Wk 18 | T3: Season Total | U3: Avg/Wk
A4: Balls Deep! | B4: =SUMIFS('Weekly Projections'!$F$2:$F$161,'Weekly Projections'!$D$2:$D$161,$A4) -> 216.55 | C4: =SUMIFS('Weekly Projections'!$G$2:$G$161,'Weekly Projections'!$D$2:$D$161,$A4) -> 217.59 | D4: =SUMIFS('Weekly Projections'!$H$2:$H$161,'Weekly Projections'!$D$2:$D$161,$A4) -> 207.78 | E4: =SUMIFS('Weekly Projections'!$I$2:$I$161,'Weekly Projections'!$D$2:$D$161,$A4) -> 211.21 | F4: =SUMIFS('Weekly Projections'!$J$2:$J$161,'Weekly Projections'!$D$2:$D$161,$A4) -> 190.8 | G4: =SUMIFS('Weekly Projections'!$K$2:$K$161,'Weekly Projections'!$D$2:$D$161,$A4) -> 204.31 | H4: =SUMIFS('Weekly Projections'!$L$2:$L$161,'Weekly Projections'!$D$2:$D$161,$A4) -> 152.66 | I4: =SUMIFS('Weekly Projections'!$M$2:$M$161,'Weekly Projections'!$D$2:$D$161,$A4) -> 193.86 | J4: =SUMIFS('Weekly Projections'!$N$2:$N$161,'Weekly Projections'!$D$2:$D$161,$A4) -> 207.21 | K4: =SUMIFS('Weekly Projections'!$O$2:$O$161,'Weekly Projections'!$D$2:$D$161,$A4) -> 204.43 | L4: =SUMIFS('Weekly Projections'!$P$2:$P$161,'Weekly Projections'!$D$2:$D$161,$A4) -> 179.65 | M4: =SUMIFS('Weekly Projections'!$Q$2:$Q$161,'Weekly Projections'!$D$2:$D$161,$A4) -> 215.93 | N4: =SUMIFS('Weekly Projections'!$R$2:$R$161,'Weekly Projections'!$D$2:$D$161,$A4) -> 193.11 | O4: =SUMIFS('Weekly Projections'!$S$2:$S$161,'Weekly Projections'!$D$2:$D$161,$A4) -> 181.59 | P4: =SUMIFS('Weekly Projections'!$T$2:$T$161,'Weekly Projections'!$D$2:$D$161,$A4) -> 218.75 | Q4: =SUMIFS('Weekly Projections'!$U$2:$U$161,'Weekly Projections'!$D$2:$D$161,$A4) -> 209.53 | R4: =SUMIFS('Weekly Projections'!$V$2:$V$161,'Weekly Projections'!$D$2:$D$161,$A4) -> 209.95 | S4: =SUMIFS('Weekly Projections'!$W$2:$W$161,'Weekly Projections'!$D$2:$D$161,$A4) -> 216.92 | T4: =SUM(B4:S4) -> 3631.83 | U4: =AVERAGE(B4:S4) -> 201.76833
A5: Bengals super bowl | B5: =SUMIFS('Weekly Projections'!$F$2:$F$161,'Weekly Projections'!$D$2:$D$161,$A5) -> 205.56 | C5: =SUMIFS('Weekly Projections'!$G$2:$G$161,'Weekly Projections'!$D$2:$D$161,$A5) -> 208.12 | D5: =SUMIFS('Weekly Projections'!$H$2:$H$161,'Weekly Projections'!$D$2:$D$161,$A5) -> 194.9 | E5: =SUMIFS('Weekly Projections'!$I$2:$I$161,'Weekly Projections'!$D$2:$D$161,$A5) -> 197.89 | F5: =SUMIFS('Weekly Projections'!$J$2:$J$161,'Weekly Projections'!$D$2:$D$161,$A5) -> 205.47 | G5: =SUMIFS('Weekly Projections'!$K$2:$K$161,'Weekly Projections'!$D$2:$D$161,$A5) -> 192.41 | H5: =SUMIFS('Weekly Projections'!$L$2:$L$161,'Weekly Projections'!$D$2:$D$161,$A5) -> 205.85 | I5: =SUMIFS('Weekly Projections'!$M$2:$M$161,'Weekly Projections'!$D$2:$D$161,$A5) -> 184.84 | J5: =SUMIFS('Weekly Projections'!$N$2:$N$161,'Weekly Projections'!$D$2:$D$161,$A5) -> 196 | K5: =SUMIFS('Weekly Projections'!$O$2:$O$161,'Weekly Projections'!$D$2:$D$161,$A5) -> 151.09 | L5: =SUMIFS('Weekly Projections'!$P$2:$P$161,'Weekly Projections'!$D$2:$D$161,$A5) -> 129.75 | M5: =SUMIFS('Weekly Projections'!$Q$2:$Q$161,'Weekly Projections'!$D$2:$D$161,$A5) -> 198.77 | N5: =SUMIFS('Weekly Projections'!$R$2:$R$161,'Weekly Projections'!$D$2:$D$161,$A5) -> 190.58 | O5: =SUMIFS('Weekly Projections'!$S$2:$S$161,'Weekly Projections'!$D$2:$D$161,$A5) -> 187.96 | P5: =SUMIFS('Weekly Projections'!$T$2:$T$161,'Weekly Projections'!$D$2:$D$161,$A5) -> 204.86 | Q5: =SUMIFS('Weekly Projections'!$U$2:$U$161,'Weekly Projections'!$D$2:$D$161,$A5) -> 196.67 | R5: =SUMIFS('Weekly Projections'!$V$2:$V$161,'Weekly Projections'!$D$2:$D$161,$A5) -> 202.17 | S5: =SUMIFS('Weekly Projections'!$W$2:$W$161,'Weekly Projections'!$D$2:$D$161,$A5) -> 201.55 | T5: =SUM(B5:S5) -> 3454.44 | U5: =AVERAGE(B5:S5) -> 191.91333
A6: Can't Ceedee Ball | B6: =SUMIFS('Weekly Projections'!$F$2:$F$161,'Weekly Projections'!$D$2:$D$161,$A6) -> 218.96 | C6: =SUMIFS('Weekly Projections'!$G$2:$G$161,'Weekly Projections'!$D$2:$D$161,$A6) -> 210.28 | D6: =SUMIFS('Weekly Projections'!$H$2:$H$161,'Weekly Projections'!$D$2:$D$161,$A6) -> 220.78 | E6: =SUMIFS('Weekly Projections'!$I$2:$I$161,'Weekly Projections'!$D$2:$D$161,$A6) -> 224.03 | F6: =SUMIFS('Weekly Projections'!$J$2:$J$161,'Weekly Projections'!$D$2:$D$161,$A6) -> 216.62 | G6: =SUMIFS('Weekly Projections'!$K$2:$K$161,'Weekly Projections'!$D$2:$D$161,$A6) -> 191.69 | H6: =SUMIFS('Weekly Projections'!$L$2:$L$161,'Weekly Projections'!$D$2:$D$161,$A6) -> 166.69 | I6: =SUMIFS('Weekly Projections'!$M$2:$M$161,'Weekly Projections'!$D$2:$D$161,$A6) -> 199.23 | J6: =SUMIFS('Weekly Projections'!$N$2:$N$161,'Weekly Projections'!$D$2:$D$161,$A6) -> 190.56 | K6: =SUMIFS('Weekly Projections'!$O$2:$O$161,'Weekly Projections'!$D$2:$D$161,$A6) -> 211.97 | L6: =SUMIFS('Weekly Projections'!$P$2:$P$161,'Weekly Projections'!$D$2:$D$161,$A6) -> 151.34 | M6: =SUMIFS('Weekly Projections'!$Q$2:$Q$161,'Weekly Projections'!$D$2:$D$161,$A6) -> 213.49 | N6: =SUMIFS('Weekly Projections'!$R$2:$R$161,'Weekly Projections'!$D$2:$D$161,$A6) -> 191.46 | O6: =SUMIFS('Weekly Projections'!$S$2:$S$161,'Weekly Projections'!$D$2:$D$161,$A6) -> 213.11 | P6: =SUMIFS('Weekly Projections'!$T$2:$T$161,'Weekly Projections'!$D$2:$D$161,$A6) -> 209.12 | Q6: =SUMIFS('Weekly Projections'!$U$2:$U$161,'Weekly Projections'!$D$2:$D$161,$A6) -> 212.64 | R6: =SUMIFS('Weekly Projections'!$V$2:$V$161,'Weekly Projections'!$D$2:$D$161,$A6) -> 214.17 | S6: =SUMIFS('Weekly Projections'!$W$2:$W$161,'Weekly Projections'!$D$2:$D$161,$A6) -> 213.96 | T6: =SUM(B6:S6) -> 3670.1 | U6: =AVERAGE(B6:S6) -> 203.89444
A7: Enrico Paldowdle | B7: =SUMIFS('Weekly Projections'!$F$2:$F$161,'Weekly Projections'!$D$2:$D$161,$A7) -> 198.86 | C7: =SUMIFS('Weekly Projections'!$G$2:$G$161,'Weekly Projections'!$D$2:$D$161,$A7) -> 200.31 | D7: =SUMIFS('Weekly Projections'!$H$2:$H$161,'Weekly Projections'!$D$2:$D$161,$A7) -> 201.86 | E7: =SUMIFS('Weekly Projections'!$I$2:$I$161,'Weekly Projections'!$D$2:$D$161,$A7) -> 202.63 | F7: =SUMIFS('Weekly Projections'!$J$2:$J$161,'Weekly Projections'!$D$2:$D$161,$A7) -> 180.32 | G7: =SUMIFS('Weekly Projections'!$K$2:$K$161,'Weekly Projections'!$D$2:$D$161,$A7) -> 192.9 | H7: =SUMIFS('Weekly Projections'!$L$2:$L$161,'Weekly Projections'!$D$2:$D$161,$A7) -> 150.51 | I7: =SUMIFS('Weekly Projections'!$M$2:$M$161,'Weekly Projections'!$D$2:$D$161,$A7) -> 201.18 | J7: =SUMIFS('Weekly Projections'!$N$2:$N$161,'Weekly Projections'!$D$2:$D$161,$A7) -> 166.96 | K7: =SUMIFS('Weekly Projections'!$O$2:$O$161,'Weekly Projections'!$D$2:$D$161,$A7) -> 182.6 | L7: =SUMIFS('Weekly Projections'!$P$2:$P$161,'Weekly Projections'!$D$2:$D$161,$A7) -> 174.4 | M7: =SUMIFS('Weekly Projections'!$Q$2:$Q$161,'Weekly Projections'!$D$2:$D$161,$A7) -> 203.31 | N7: =SUMIFS('Weekly Projections'!$R$2:$R$161,'Weekly Projections'!$D$2:$D$161,$A7) -> 181.44 | O7: =SUMIFS('Weekly Projections'!$S$2:$S$161,'Weekly Projections'!$D$2:$D$161,$A7) -> 177.76 | P7: =SUMIFS('Weekly Projections'!$T$2:$T$161,'Weekly Projections'!$D$2:$D$161,$A7) -> 202.19 | Q7: =SUMIFS('Weekly Projections'!$U$2:$U$161,'Weekly Projections'!$D$2:$D$161,$A7) -> 205.63 | R7: =SUMIFS('Weekly Projections'!$V$2:$V$161,'Weekly Projections'!$D$2:$D$161,$A7) -> 203.59 | S7: =SUMIFS('Weekly Projections'!$W$2:$W$161,'Weekly Projections'!$D$2:$D$161,$A7) -> 205.21 | T7: =SUM(B7:S7) -> 3431.66 | U7: =AVERAGE(B7:S7) -> 190.64778
A8: KC KRUNCH XXVI | B8: =SUMIFS('Weekly Projections'!$F$2:$F$161,'Weekly Projections'!$D$2:$D$161,$A8) -> 200.96 | C8: =SUMIFS('Weekly Projections'!$G$2:$G$161,'Weekly Projections'!$D$2:$D$161,$A8) -> 213.75 | D8: =SUMIFS('Weekly Projections'!$H$2:$H$161,'Weekly Projections'!$D$2:$D$161,$A8) -> 218.87 | E8: =SUMIFS('Weekly Projections'!$I$2:$I$161,'Weekly Projections'!$D$2:$D$161,$A8) -> 212.97 | F8: =SUMIFS('Weekly Projections'!$J$2:$J$161,'Weekly Projections'!$D$2:$D$161,$A8) -> 170.37 | G8: =SUMIFS('Weekly Projections'!$K$2:$K$161,'Weekly Projections'!$D$2:$D$161,$A8) -> 203.62 | H8: =SUMIFS('Weekly Projections'!$L$2:$L$161,'Weekly Projections'!$D$2:$D$161,$A8) -> 209.34 | I8: =SUMIFS('Weekly Projections'!$M$2:$M$161,'Weekly Projections'!$D$2:$D$161,$A8) -> 157.08 | J8: =SUMIFS('Weekly Projections'!$N$2:$N$161,'Weekly Projections'!$D$2:$D$161,$A8) -> 205.68 | K8: =SUMIFS('Weekly Projections'!$O$2:$O$161,'Weekly Projections'!$D$2:$D$161,$A8) -> 172.7 | L8: =SUMIFS('Weekly Projections'!$P$2:$P$161,'Weekly Projections'!$D$2:$D$161,$A8) -> 156.96 | M8: =SUMIFS('Weekly Projections'!$Q$2:$Q$161,'Weekly Projections'!$D$2:$D$161,$A8) -> 208.62 | N8: =SUMIFS('Weekly Projections'!$R$2:$R$161,'Weekly Projections'!$D$2:$D$161,$A8) -> 191.43 | O8: =SUMIFS('Weekly Projections'!$S$2:$S$161,'Weekly Projections'!$D$2:$D$161,$A8) -> 206.06 | P8: =SUMIFS('Weekly Projections'!$T$2:$T$161,'Weekly Projections'!$D$2:$D$161,$A8) -> 212.37 | Q8: =SUMIFS('Weekly Projections'!$U$2:$U$161,'Weekly Projections'!$D$2:$D$161,$A8) -> 207.85 | R8: =SUMIFS('Weekly Projections'!$V$2:$V$161,'Weekly Projections'!$D$2:$D$161,$A8) -> 207.66 | S8: =SUMIFS('Weekly Projections'!$W$2:$W$161,'Weekly Projections'!$D$2:$D$161,$A8) -> 215.53 | T8: =SUM(B8:S8) -> 3571.82 | U8: =AVERAGE(B8:S8) -> 198.43444
A9: Miami Venom🏆🏆 | B9: =SUMIFS('Weekly Projections'!$F$2:$F$161,'Weekly Projections'!$D$2:$D$161,$A9) -> 206.03 | C9: =SUMIFS('Weekly Projections'!$G$2:$G$161,'Weekly Projections'!$D$2:$D$161,$A9) -> 201.72 | D9: =SUMIFS('Weekly Projections'!$H$2:$H$161,'Weekly Projections'!$D$2:$D$161,$A9) -> 197.18 | E9: =SUMIFS('Weekly Projections'!$I$2:$I$161,'Weekly Projections'!$D$2:$D$161,$A9) -> 205.36 | F9: =SUMIFS('Weekly Projections'!$J$2:$J$161,'Weekly Projections'!$D$2:$D$161,$A9) -> 203.01 | G9: =SUMIFS('Weekly Projections'!$K$2:$K$161,'Weekly Projections'!$D$2:$D$161,$A9) -> 143.32 | H9: =SUMIFS('Weekly Projections'!$L$2:$L$161,'Weekly Projections'!$D$2:$D$161,$A9) -> 156.42 | I9: =SUMIFS('Weekly Projections'!$M$2:$M$161,'Weekly Projections'!$D$2:$D$161,$A9) -> 181.39 | J9: =SUMIFS('Weekly Projections'!$N$2:$N$161,'Weekly Projections'!$D$2:$D$161,$A9) -> 199.58 | K9: =SUMIFS('Weekly Projections'!$O$2:$O$161,'Weekly Projections'!$D$2:$D$161,$A9) -> 139.36 | L9: =SUMIFS('Weekly Projections'!$P$2:$P$161,'Weekly Projections'!$D$2:$D$161,$A9) -> 191.4 | M9: =SUMIFS('Weekly Projections'!$Q$2:$Q$161,'Weekly Projections'!$D$2:$D$161,$A9) -> 201.23 | N9: =SUMIFS('Weekly Projections'!$R$2:$R$161,'Weekly Projections'!$D$2:$D$161,$A9) -> 198.67 | O9: =SUMIFS('Weekly Projections'!$S$2:$S$161,'Weekly Projections'!$D$2:$D$161,$A9) -> 178.21 | P9: =SUMIFS('Weekly Projections'!$T$2:$T$161,'Weekly Projections'!$D$2:$D$161,$A9) -> 193.61 | Q9: =SUMIFS('Weekly Projections'!$U$2:$U$161,'Weekly Projections'!$D$2:$D$161,$A9) -> 199.92 | R9: =SUMIFS('Weekly Projections'!$V$2:$V$161,'Weekly Projections'!$D$2:$D$161,$A9) -> 200.13 | S9: =SUMIFS('Weekly Projections'!$W$2:$W$161,'Weekly Projections'!$D$2:$D$161,$A9) -> 196.87 | T9: =SUM(B9:S9) -> 3393.41 | U9: =AVERAGE(B9:S9) -> 188.52278
A10: MR. PLOW | B10: =SUMIFS('Weekly Projections'!$F$2:$F$161,'Weekly Projections'!$D$2:$D$161,$A10) -> 199.24 | C10: =SUMIFS('Weekly Projections'!$G$2:$G$161,'Weekly Projections'!$D$2:$D$161,$A10) -> 207.69 | D10: =SUMIFS('Weekly Projections'!$H$2:$H$161,'Weekly Projections'!$D$2:$D$161,$A10) -> 202.88 | E10: =SUMIFS('Weekly Projections'!$I$2:$I$161,'Weekly Projections'!$D$2:$D$161,$A10) -> 203.06 | F10: =SUMIFS('Weekly Projections'!$J$2:$J$161,'Weekly Projections'!$D$2:$D$161,$A10) -> 199.65 | G10: =SUMIFS('Weekly Projections'!$K$2:$K$161,'Weekly Projections'!$D$2:$D$161,$A10) -> 178.77 | H10: =SUMIFS('Weekly Projections'!$L$2:$L$161,'Weekly Projections'!$D$2:$D$161,$A10) -> 166.09 | I10: =SUMIFS('Weekly Projections'!$M$2:$M$161,'Weekly Projections'!$D$2:$D$161,$A10) -> 199.75 | J10: =SUMIFS('Weekly Projections'!$N$2:$N$161,'Weekly Projections'!$D$2:$D$161,$A10) -> 211.22 | K10: =SUMIFS('Weekly Projections'!$O$2:$O$161,'Weekly Projections'!$D$2:$D$161,$A10) -> 210.51 | L10: =SUMIFS('Weekly Projections'!$P$2:$P$161,'Weekly Projections'!$D$2:$D$161,$A10) -> 158 | M10: =SUMIFS('Weekly Projections'!$Q$2:$Q$161,'Weekly Projections'!$D$2:$D$161,$A10) -> 199.36 | N10: =SUMIFS('Weekly Projections'!$R$2:$R$161,'Weekly Projections'!$D$2:$D$161,$A10) -> 150.86 | O10: =SUMIFS('Weekly Projections'!$S$2:$S$161,'Weekly Projections'!$D$2:$D$161,$A10) -> 162.21 | P10: =SUMIFS('Weekly Projections'!$T$2:$T$161,'Weekly Projections'!$D$2:$D$161,$A10) -> 194.45 | Q10: =SUMIFS('Weekly Projections'!$U$2:$U$161,'Weekly Projections'!$D$2:$D$161,$A10) -> 201.68 | R10: =SUMIFS('Weekly Projections'!$V$2:$V$161,'Weekly Projections'!$D$2:$D$161,$A10) -> 207.47 | S10: =SUMIFS('Weekly Projections'!$W$2:$W$161,'Weekly Projections'!$D$2:$D$161,$A10) -> 208.34 | T10: =SUM(B10:S10) -> 3461.23 | U10: =AVERAGE(B10:S10) -> 192.29056
A11: Ohio Dream Team | B11: =SUMIFS('Weekly Projections'!$F$2:$F$161,'Weekly Projections'!$D$2:$D$161,$A11) -> 198.41 | C11: =SUMIFS('Weekly Projections'!$G$2:$G$161,'Weekly Projections'!$D$2:$D$161,$A11) -> 206.65 | D11: =SUMIFS('Weekly Projections'!$H$2:$H$161,'Weekly Projections'!$D$2:$D$161,$A11) -> 207.74 | E11: =SUMIFS('Weekly Projections'!$I$2:$I$161,'Weekly Projections'!$D$2:$D$161,$A11) -> 204.65 | F11: =SUMIFS('Weekly Projections'!$J$2:$J$161,'Weekly Projections'!$D$2:$D$161,$A11) -> 210.78 | G11: =SUMIFS('Weekly Projections'!$K$2:$K$161,'Weekly Projections'!$D$2:$D$161,$A11) -> 162 | H11: =SUMIFS('Weekly Projections'!$L$2:$L$161,'Weekly Projections'!$D$2:$D$161,$A11) -> 174.14 | I11: =SUMIFS('Weekly Projections'!$M$2:$M$161,'Weekly Projections'!$D$2:$D$161,$A11) -> 176.3 | J11: =SUMIFS('Weekly Projections'!$N$2:$N$161,'Weekly Projections'!$D$2:$D$161,$A11) -> 206.25 | K11: =SUMIFS('Weekly Projections'!$O$2:$O$161,'Weekly Projections'!$D$2:$D$161,$A11) -> 169.95 | L11: =SUMIFS('Weekly Projections'!$P$2:$P$161,'Weekly Projections'!$D$2:$D$161,$A11) -> 169.65 | M11: =SUMIFS('Weekly Projections'!$Q$2:$Q$161,'Weekly Projections'!$D$2:$D$161,$A11) -> 202.03 | N11: =SUMIFS('Weekly Projections'!$R$2:$R$161,'Weekly Projections'!$D$2:$D$161,$A11) -> 197.8 | O11: =SUMIFS('Weekly Projections'!$S$2:$S$161,'Weekly Projections'!$D$2:$D$161,$A11) -> 199.99 | P11: =SUMIFS('Weekly Projections'!$T$2:$T$161,'Weekly Projections'!$D$2:$D$161,$A11) -> 210.41 | Q11: =SUMIFS('Weekly Projections'!$U$2:$U$161,'Weekly Projections'!$D$2:$D$161,$A11) -> 213.77 | R11: =SUMIFS('Weekly Projections'!$V$2:$V$161,'Weekly Projections'!$D$2:$D$161,$A11) -> 205.28 | S11: =SUMIFS('Weekly Projections'!$W$2:$W$161,'Weekly Projections'!$D$2:$D$161,$A11) -> 205.98 | T11: =SUM(B11:S11) -> 3521.78 | U11: =AVERAGE(B11:S11) -> 195.65444
A12: Perrysburg Spreadsheets | B12: =SUMIFS('Weekly Projections'!$F$2:$F$161,'Weekly Projections'!$D$2:$D$161,$A12) -> 226.63 | C12: =SUMIFS('Weekly Projections'!$G$2:$G$161,'Weekly Projections'!$D$2:$D$161,$A12) -> 218.96 | D12: =SUMIFS('Weekly Projections'!$H$2:$H$161,'Weekly Projections'!$D$2:$D$161,$A12) -> 225.31 | E12: =SUMIFS('Weekly Projections'!$I$2:$I$161,'Weekly Projections'!$D$2:$D$161,$A12) -> 224.82 | F12: =SUMIFS('Weekly Projections'!$J$2:$J$161,'Weekly Projections'!$D$2:$D$161,$A12) -> 208.84 | G12: =SUMIFS('Weekly Projections'!$K$2:$K$161,'Weekly Projections'!$D$2:$D$161,$A12) -> 168.2 | H12: =SUMIFS('Weekly Projections'!$L$2:$L$161,'Weekly Projections'!$D$2:$D$161,$A12) -> 208.83 | I12: =SUMIFS('Weekly Projections'!$M$2:$M$161,'Weekly Projections'!$D$2:$D$161,$A12) -> 187.42 | J12: =SUMIFS('Weekly Projections'!$N$2:$N$161,'Weekly Projections'!$D$2:$D$161,$A12) -> 222.88 | K12: =SUMIFS('Weekly Projections'!$O$2:$O$161,'Weekly Projections'!$D$2:$D$161,$A12) -> 195.08 | L12: =SUMIFS('Weekly Projections'!$P$2:$P$161,'Weekly Projections'!$D$2:$D$161,$A12) -> 180.81 | M12: =SUMIFS('Weekly Projections'!$Q$2:$Q$161,'Weekly Projections'!$D$2:$D$161,$A12) -> 224.57 | N12: =SUMIFS('Weekly Projections'!$R$2:$R$161,'Weekly Projections'!$D$2:$D$161,$A12) -> 181.08 | O12: =SUMIFS('Weekly Projections'!$S$2:$S$161,'Weekly Projections'!$D$2:$D$161,$A12) -> 224.56 | P12: =SUMIFS('Weekly Projections'!$T$2:$T$161,'Weekly Projections'!$D$2:$D$161,$A12) -> 219.62 | Q12: =SUMIFS('Weekly Projections'!$U$2:$U$161,'Weekly Projections'!$D$2:$D$161,$A12) -> 221.86 | R12: =SUMIFS('Weekly Projections'!$V$2:$V$161,'Weekly Projections'!$D$2:$D$161,$A12) -> 218.5 | S12: =SUMIFS('Weekly Projections'!$W$2:$W$161,'Weekly Projections'!$D$2:$D$161,$A12) -> 217.3 | T12: =SUM(B12:S12) -> 3775.27 | U12: =AVERAGE(B12:S12) -> 209.73722
A13: Second String | B13: =SUMIFS('Weekly Projections'!$F$2:$F$161,'Weekly Projections'!$D$2:$D$161,$A13) -> 216.96 | C13: =SUMIFS('Weekly Projections'!$G$2:$G$161,'Weekly Projections'!$D$2:$D$161,$A13) -> 223.79 | D13: =SUMIFS('Weekly Projections'!$H$2:$H$161,'Weekly Projections'!$D$2:$D$161,$A13) -> 215.57 | E13: =SUMIFS('Weekly Projections'!$I$2:$I$161,'Weekly Projections'!$D$2:$D$161,$A13) -> 220.49 | F13: =SUMIFS('Weekly Projections'!$J$2:$J$161,'Weekly Projections'!$D$2:$D$161,$A13) -> 203.75 | G13: =SUMIFS('Weekly Projections'!$K$2:$K$161,'Weekly Projections'!$D$2:$D$161,$A13) -> 169.77 | H13: =SUMIFS('Weekly Projections'!$L$2:$L$161,'Weekly Projections'!$D$2:$D$161,$A13) -> 209.46 | I13: =SUMIFS('Weekly Projections'!$M$2:$M$161,'Weekly Projections'!$D$2:$D$161,$A13) -> 194.05 | J13: =SUMIFS('Weekly Projections'!$N$2:$N$161,'Weekly Projections'!$D$2:$D$161,$A13) -> 211.74 | K13: =SUMIFS('Weekly Projections'!$O$2:$O$161,'Weekly Projections'!$D$2:$D$161,$A13) -> 166.41 | L13: =SUMIFS('Weekly Projections'!$P$2:$P$161,'Weekly Projections'!$D$2:$D$161,$A13) -> 197.89 | M13: =SUMIFS('Weekly Projections'!$Q$2:$Q$161,'Weekly Projections'!$D$2:$D$161,$A13) -> 214.28 | N13: =SUMIFS('Weekly Projections'!$R$2:$R$161,'Weekly Projections'!$D$2:$D$161,$A13) -> 170.28 | O13: =SUMIFS('Weekly Projections'!$S$2:$S$161,'Weekly Projections'!$D$2:$D$161,$A13) -> 198.54 | P13: =SUMIFS('Weekly Projections'!$T$2:$T$161,'Weekly Projections'!$D$2:$D$161,$A13) -> 213.76 | Q13: =SUMIFS('Weekly Projections'!$U$2:$U$161,'Weekly Projections'!$D$2:$D$161,$A13) -> 222.05 | R13: =SUMIFS('Weekly Projections'!$V$2:$V$161,'Weekly Projections'!$D$2:$D$161,$A13) -> 211.1 | S13: =SUMIFS('Weekly Projections'!$W$2:$W$161,'Weekly Projections'!$D$2:$D$161,$A13) -> 214.1 | T13: =SUM(B13:S13) -> 3673.99 | U13: =AVERAGE(B13:S13) -> 204.11056

Sheet Players on Bye
A1: How many rostered players each team loses to byes, week by week. High numbers = thin weeks.
A3: Fantasy Team | B3: Wk 1 | C3: Wk 2 | D3: Wk 3 | E3: Wk 4 | F3: Wk 5 | G3: Wk 6 | H3: Wk 7 | I3: Wk 8 | J3: Wk 9 | K3: Wk 10 | L3: Wk 11 | M3: Wk 12 | N3: Wk 13 | O3: Wk 14 | P3: Wk 15 | Q3: Wk 16 | R3: Wk 17 | S3: Wk 18 | T3: Worst Week
A4: Balls Deep! | B4: =COUNTIFS('Weekly Projections'!$D$2:$D$161,$A4,'Weekly Projections'!$E$2:$E$161,1) -> 0 | C4: =COUNTIFS('Weekly Projections'!$D$2:$D$161,$A4,'Weekly Projections'!$E$2:$E$161,2) -> 0 | D4: =COUNTIFS('Weekly Projections'!$D$2:$D$161,$A4,'Weekly Projections'!$E$2:$E$161,3) -> 0 | E4: =COUNTIFS('Weekly Projections'!$D$2:$D$161,$A4,'Weekly Projections'!$E$2:$E$161,4) -> 0 | F4: =COUNTIFS('Weekly Projections'!$D$2:$D$161,$A4,'Weekly Projections'!$E$2:$E$161,5) -> 2 | G4: =COUNTIFS('Weekly Projections'!$D$2:$D$161,$A4,'Weekly Projections'!$E$2:$E$161,6) -> 1 | H4: =COUNTIFS('Weekly Projections'!$D$2:$D$161,$A4,'Weekly Projections'!$E$2:$E$161,7) -> 4 | I4: =COUNTIFS('Weekly Projections'!$D$2:$D$161,$A4,'Weekly Projections'!$E$2:$E$161,8) -> 2 | J4: =COUNTIFS('Weekly Projections'!$D$2:$D$161,$A4,'Weekly Projections'!$E$2:$E$161,9) -> 0 | K4: =COUNTIFS('Weekly Projections'!$D$2:$D$161,$A4,'Weekly Projections'!$E$2:$E$161,10) -> 1 | L4: =COUNTIFS('Weekly Projections'!$D$2:$D$161,$A4,'Weekly Projections'!$E$2:$E$161,11) -> 3 | M4: =COUNTIFS('Weekly Projections'!$D$2:$D$161,$A4,'Weekly Projections'!$E$2:$E$161,12) -> 0 | N4: =COUNTIFS('Weekly Projections'!$D$2:$D$161,$A4,'Weekly Projections'!$E$2:$E$161,13) -> 1 | O4: =COUNTIFS('Weekly Projections'!$D$2:$D$161,$A4,'Weekly Projections'!$E$2:$E$161,14) -> 2 | P4: =COUNTIFS('Weekly Projections'!$D$2:$D$161,$A4,'Weekly Projections'!$E$2:$E$161,15) -> 0 | Q4: =COUNTIFS('Weekly Projections'!$D$2:$D$161,$A4,'Weekly Projections'!$E$2:$E$161,16) -> 0 | R4: =COUNTIFS('Weekly Projections'!$D$2:$D$161,$A4,'Weekly Projections'!$E$2:$E$161,17) -> 0 | S4: =COUNTIFS('Weekly Projections'!$D$2:$D$161,$A4,'Weekly Projections'!$E$2:$E$161,18) -> 0 | T4: =MAX(B4:S4) -> 4
A5: Bengals super bowl | B5: =COUNTIFS('Weekly Projections'!$D$2:$D$161,$A5,'Weekly Projections'!$E$2:$E$161,1) -> 0 | C5: =COUNTIFS('Weekly Projections'!$D$2:$D$161,$A5,'Weekly Projections'!$E$2:$E$161,2) -> 0 | D5: =COUNTIFS('Weekly Projections'!$D$2:$D$161,$A5,'Weekly Projections'!$E$2:$E$161,3) -> 0 | E5: =COUNTIFS('Weekly Projections'!$D$2:$D$161,$A5,'Weekly Projections'!$E$2:$E$161,4) -> 0 | F5: =COUNTIFS('Weekly Projections'!$D$2:$D$161,$A5,'Weekly Projections'!$E$2:$E$161,5) -> 0 | G5: =COUNTIFS('Weekly Projections'!$D$2:$D$161,$A5,'Weekly Projections'!$E$2:$E$161,6) -> 1 | H5: =COUNTIFS('Weekly Projections'!$D$2:$D$161,$A5,'Weekly Projections'!$E$2:$E$161,7) -> 1 | I5: =COUNTIFS('Weekly Projections'!$D$2:$D$161,$A5,'Weekly Projections'!$E$2:$E$161,8) -> 2 | J5: =COUNTIFS('Weekly Projections'!$D$2:$D$161,$A5,'Weekly Projections'!$E$2:$E$161,9) -> 1 | K5: =COUNTIFS('Weekly Projections'!$D$2:$D$161,$A5,'Weekly Projections'!$E$2:$E$161,10) -> 4 | L5: =COUNTIFS('Weekly Projections'!$D$2:$D$161,$A5,'Weekly Projections'!$E$2:$E$161,11) -> 5 | M5: =COUNTIFS('Weekly Projections'!$D$2:$D$161,$A5,'Weekly Projections'!$E$2:$E$161,12) -> 0 | N5: =COUNTIFS('Weekly Projections'!$D$2:$D$161,$A5,'Weekly Projections'!$E$2:$E$161,13) -> 1 | O5: =COUNTIFS('Weekly Projections'!$D$2:$D$161,$A5,'Weekly Projections'!$E$2:$E$161,14) -> 1 | P5: =COUNTIFS('Weekly Projections'!$D$2:$D$161,$A5,'Weekly Projections'!$E$2:$E$161,15) -> 0 | Q5: =COUNTIFS('Weekly Projections'!$D$2:$D$161,$A5,'Weekly Projections'!$E$2:$E$161,16) -> 0 | R5: =COUNTIFS('Weekly Projections'!$D$2:$D$161,$A5,'Weekly Projections'!$E$2:$E$161,17) -> 0 | S5: =COUNTIFS('Weekly Projections'!$D$2:$D$161,$A5,'Weekly Projections'!$E$2:$E$161,18) -> 0 | T5: =MAX(B5:S5) -> 5
A6: Can't Ceedee Ball | B6: =COUNTIFS('Weekly Projections'!$D$2:$D$161,$A6,'Weekly Projections'!$E$2:$E$161,1) -> 0 | C6: =COUNTIFS('Weekly Projections'!$D$2:$D$161,$A6,'Weekly Projections'!$E$2:$E$161,2) -> 0 | D6: =COUNTIFS('Weekly Projections'!$D$2:$D$161,$A6,'Weekly Projections'!$E$2:$E$161,3) -> 0 | E6: =COUNTIFS('Weekly Projections'!$D$2:$D$161,$A6,'Weekly Projections'!$E$2:$E$161,4) -> 0 | F6: =COUNTIFS('Weekly Projections'!$D$2:$D$161,$A6,'Weekly Projections'!$E$2:$E$161,5) -> 0 | G6: =COUNTIFS('Weekly Projections'!$D$2:$D$161,$A6,'Weekly Projections'!$E$2:$E$161,6) -> 1 | H6: =COUNTIFS('Weekly Projections'!$D$2:$D$161,$A6,'Weekly Projections'!$E$2:$E$161,7) -> 4 | I6: =COUNTIFS('Weekly Projections'!$D$2:$D$161,$A6,'Weekly Projections'!$E$2:$E$161,8) -> 1 | J6: =COUNTIFS('Weekly Projections'!$D$2:$D$161,$A6,'Weekly Projections'!$E$2:$E$161,9) -> 2 | K6: =COUNTIFS('Weekly Projections'!$D$2:$D$161,$A6,'Weekly Projections'!$E$2:$E$161,10) -> 1 | L6: =COUNTIFS('Weekly Projections'!$D$2:$D$161,$A6,'Weekly Projections'!$E$2:$E$161,11) -> 5 | M6: =COUNTIFS('Weekly Projections'!$D$2:$D$161,$A6,'Weekly Projections'!$E$2:$E$161,12) -> 0 | N6: =COUNTIFS('Weekly Projections'!$D$2:$D$161,$A6,'Weekly Projections'!$E$2:$E$161,13) -> 2 | O6: =COUNTIFS('Weekly Projections'!$D$2:$D$161,$A6,'Weekly Projections'!$E$2:$E$161,14) -> 0 | P6: =COUNTIFS('Weekly Projections'!$D$2:$D$161,$A6,'Weekly Projections'!$E$2:$E$161,15) -> 0 | Q6: =COUNTIFS('Weekly Projections'!$D$2:$D$161,$A6,'Weekly Projections'!$E$2:$E$161,16) -> 0 | R6: =COUNTIFS('Weekly Projections'!$D$2:$D$161,$A6,'Weekly Projections'!$E$2:$E$161,17) -> 0 | S6: =COUNTIFS('Weekly Projections'!$D$2:$D$161,$A6,'Weekly Projections'!$E$2:$E$161,18) -> 0 | T6: =MAX(B6:S6) -> 5
A7: Enrico Paldowdle | B7: =COUNTIFS('Weekly Projections'!$D$2:$D$161,$A7,'Weekly Projections'!$E$2:$E$161,1) -> 0 | C7: =COUNTIFS('Weekly Projections'!$D$2:$D$161,$A7,'Weekly Projections'!$E$2:$E$161,2) -> 0 | D7: =COUNTIFS('Weekly Projections'!$D$2:$D$161,$A7,'Weekly Projections'!$E$2:$E$161,3) -> 0 | E7: =COUNTIFS('Weekly Projections'!$D$2:$D$161,$A7,'Weekly Projections'!$E$2:$E$161,4) -> 0 | F7: =COUNTIFS('Weekly Projections'!$D$2:$D$161,$A7,'Weekly Projections'!$E$2:$E$161,5) -> 1 | G7: =COUNTIFS('Weekly Projections'!$D$2:$D$161,$A7,'Weekly Projections'!$E$2:$E$161,6) -> 1 | H7: =COUNTIFS('Weekly Projections'!$D$2:$D$161,$A7,'Weekly Projections'!$E$2:$E$161,7) -> 3 | I7: =COUNTIFS('Weekly Projections'!$D$2:$D$161,$A7,'Weekly Projections'!$E$2:$E$161,8) -> 0 | J7: =COUNTIFS('Weekly Projections'!$D$2:$D$161,$A7,'Weekly Projections'!$E$2:$E$161,9) -> 3 | K7: =COUNTIFS('Weekly Projections'!$D$2:$D$161,$A7,'Weekly Projections'!$E$2:$E$161,10) -> 2 | L7: =COUNTIFS('Weekly Projections'!$D$2:$D$161,$A7,'Weekly Projections'!$E$2:$E$161,11) -> 3 | M7: =COUNTIFS('Weekly Projections'!$D$2:$D$161,$A7,'Weekly Projections'!$E$2:$E$161,12) -> 0 | N7: =COUNTIFS('Weekly Projections'!$D$2:$D$161,$A7,'Weekly Projections'!$E$2:$E$161,13) -> 1 | O7: =COUNTIFS('Weekly Projections'!$D$2:$D$161,$A7,'Weekly Projections'!$E$2:$E$161,14) -> 2 | P7: =COUNTIFS('Weekly Projections'!$D$2:$D$161,$A7,'Weekly Projections'!$E$2:$E$161,15) -> 0 | Q7: =COUNTIFS('Weekly Projections'!$D$2:$D$161,$A7,'Weekly Projections'!$E$2:$E$161,16) -> 0 | R7: =COUNTIFS('Weekly Projections'!$D$2:$D$161,$A7,'Weekly Projections'!$E$2:$E$161,17) -> 0 | S7: =COUNTIFS('Weekly Projections'!$D$2:$D$161,$A7,'Weekly Projections'!$E$2:$E$161,18) -> 0 | T7: =MAX(B7:S7) -> 3
A8: KC KRUNCH XXVI | B8: =COUNTIFS('Weekly Projections'!$D$2:$D$161,$A8,'Weekly Projections'!$E$2:$E$161,1) -> 0 | C8: =COUNTIFS('Weekly Projections'!$D$2:$D$161,$A8,'Weekly Projections'!$E$2:$E$161,2) -> 0 | D8: =COUNTIFS('Weekly Projections'!$D$2:$D$161,$A8,'Weekly Projections'!$E$2:$E$161,3) -> 0 | E8: =COUNTIFS('Weekly Projections'!$D$2:$D$161,$A8,'Weekly Projections'!$E$2:$E$161,4) -> 0 | F8: =COUNTIFS('Weekly Projections'!$D$2:$D$161,$A8,'Weekly Projections'!$E$2:$E$161,5) -> 3 | G8: =COUNTIFS('Weekly Projections'!$D$2:$D$161,$A8,'Weekly Projections'!$E$2:$E$161,6) -> 1 | H8: =COUNTIFS('Weekly Projections'!$D$2:$D$161,$A8,'Weekly Projections'!$E$2:$E$161,7) -> 0 | I8: =COUNTIFS('Weekly Projections'!$D$2:$D$161,$A8,'Weekly Projections'!$E$2:$E$161,8) -> 3 | J8: =COUNTIFS('Weekly Projections'!$D$2:$D$161,$A8,'Weekly Projections'!$E$2:$E$161,9) -> 1 | K8: =COUNTIFS('Weekly Projections'!$D$2:$D$161,$A8,'Weekly Projections'!$E$2:$E$161,10) -> 3 | L8: =COUNTIFS('Weekly Projections'!$D$2:$D$161,$A8,'Weekly Projections'!$E$2:$E$161,11) -> 4 | M8: =COUNTIFS('Weekly Projections'!$D$2:$D$161,$A8,'Weekly Projections'!$E$2:$E$161,12) -> 0 | N8: =COUNTIFS('Weekly Projections'!$D$2:$D$161,$A8,'Weekly Projections'!$E$2:$E$161,13) -> 1 | O8: =COUNTIFS('Weekly Projections'!$D$2:$D$161,$A8,'Weekly Projections'!$E$2:$E$161,14) -> 0 | P8: =COUNTIFS('Weekly Projections'!$D$2:$D$161,$A8,'Weekly Projections'!$E$2:$E$161,15) -> 0 | Q8: =COUNTIFS('Weekly Projections'!$D$2:$D$161,$A8,'Weekly Projections'!$E$2:$E$161,16) -> 0 | R8: =COUNTIFS('Weekly Projections'!$D$2:$D$161,$A8,'Weekly Projections'!$E$2:$E$161,17) -> 0 | S8: =COUNTIFS('Weekly Projections'!$D$2:$D$161,$A8,'Weekly Projections'!$E$2:$E$161,18) -> 0 | T8: =MAX(B8:S8) -> 4
A9: Miami Venom🏆🏆 | B9: =COUNTIFS('Weekly Projections'!$D$2:$D$161,$A9,'Weekly Projections'!$E$2:$E$161,1) -> 0 | C9: =COUNTIFS('Weekly Projections'!$D$2:$D$161,$A9,'Weekly Projections'!$E$2:$E$161,2) -> 0 | D9: =COUNTIFS('Weekly Projections'!$D$2:$D$161,$A9,'Weekly Projections'!$E$2:$E$161,3) -> 0 | E9: =COUNTIFS('Weekly Projections'!$D$2:$D$161,$A9,'Weekly Projections'!$E$2:$E$161,4) -> 0 | F9: =COUNTIFS('Weekly Projections'!$D$2:$D$161,$A9,'Weekly Projections'!$E$2:$E$161,5) -> 0 | G9: =COUNTIFS('Weekly Projections'!$D$2:$D$161,$A9,'Weekly Projections'!$E$2:$E$161,6) -> 4 | H9: =COUNTIFS('Weekly Projections'!$D$2:$D$161,$A9,'Weekly Projections'!$E$2:$E$161,7) -> 3 | I9: =COUNTIFS('Weekly Projections'!$D$2:$D$161,$A9,'Weekly Projections'!$E$2:$E$161,8) -> 1 | J9: =COUNTIFS('Weekly Projections'!$D$2:$D$161,$A9,'Weekly Projections'!$E$2:$E$161,9) -> 0 | K9: =COUNTIFS('Weekly Projections'!$D$2:$D$161,$A9,'Weekly Projections'!$E$2:$E$161,10) -> 4 | L9: =COUNTIFS('Weekly Projections'!$D$2:$D$161,$A9,'Weekly Projections'!$E$2:$E$161,11) -> 1 | M9: =COUNTIFS('Weekly Projections'!$D$2:$D$161,$A9,'Weekly Projections'!$E$2:$E$161,12) -> 0 | N9: =COUNTIFS('Weekly Projections'!$D$2:$D$161,$A9,'Weekly Projections'!$E$2:$E$161,13) -> 1 | O9: =COUNTIFS('Weekly Projections'!$D$2:$D$161,$A9,'Weekly Projections'!$E$2:$E$161,14) -> 2 | P9: =COUNTIFS('Weekly Projections'!$D$2:$D$161,$A9,'Weekly Projections'!$E$2:$E$161,15) -> 0 | Q9: =COUNTIFS('Weekly Projections'!$D$2:$D$161,$A9,'Weekly Projections'!$E$2:$E$161,16) -> 0 | R9: =COUNTIFS('Weekly Projections'!$D$2:$D$161,$A9,'Weekly Projections'!$E$2:$E$161,17) -> 0 | S9: =COUNTIFS('Weekly Projections'!$D$2:$D$161,$A9,'Weekly Projections'!$E$2:$E$161,18) -> 0 | T9: =MAX(B9:S9) -> 4
A10: MR. PLOW | B10: =COUNTIFS('Weekly Projections'!$D$2:$D$161,$A10,'Weekly Projections'!$E$2:$E$161,1) -> 0 | C10: =COUNTIFS('Weekly Projections'!$D$2:$D$161,$A10,'Weekly Projections'!$E$2:$E$161,2) -> 0 | D10: =COUNTIFS('Weekly Projections'!$D$2:$D$161,$A10,'Weekly Projections'!$E$2:$E$161,3) -> 0 | E10: =COUNTIFS('Weekly Projections'!$D$2:$D$161,$A10,'Weekly Projections'!$E$2:$E$161,4) -> 0 | F10: =COUNTIFS('Weekly Projections'!$D$2:$D$161,$A10,'Weekly Projections'!$E$2:$E$161,5) -> 0 | G10: =COUNTIFS('Weekly Projections'!$D$2:$D$161,$A10,'Weekly Projections'!$E$2:$E$161,6) -> 2 | H10: =COUNTIFS('Weekly Projections'!$D$2:$D$161,$A10,'Weekly Projections'!$E$2:$E$161,7) -> 3 | I10: =COUNTIFS('Weekly Projections'!$D$2:$D$161,$A10,'Weekly Projections'!$E$2:$E$161,8) -> 1 | J10: =COUNTIFS('Weekly Projections'!$D$2:$D$161,$A10,'Weekly Projections'!$E$2:$E$161,9) -> 0 | K10: =COUNTIFS('Weekly Projections'!$D$2:$D$161,$A10,'Weekly Projections'!$E$2:$E$161,10) -> 0 | L10: =COUNTIFS('Weekly Projections'!$D$2:$D$161,$A10,'Weekly Projections'!$E$2:$E$161,11) -> 4 | M10: =COUNTIFS('Weekly Projections'!$D$2:$D$161,$A10,'Weekly Projections'!$E$2:$E$161,12) -> 0 | N10: =COUNTIFS('Weekly Projections'!$D$2:$D$161,$A10,'Weekly Projections'!$E$2:$E$161,13) -> 4 | O10: =COUNTIFS('Weekly Projections'!$D$2:$D$161,$A10,'Weekly Projections'!$E$2:$E$161,14) -> 2 | P10: =COUNTIFS('Weekly Projections'!$D$2:$D$161,$A10,'Weekly Projections'!$E$2:$E$161,15) -> 0 | Q10: =COUNTIFS('Weekly Projections'!$D$2:$D$161,$A10,'Weekly Projections'!$E$2:$E$161,16) -> 0 | R10: =COUNTIFS('Weekly Projections'!$D$2:$D$161,$A10,'Weekly Projections'!$E$2:$E$161,17) -> 0 | S10: =COUNTIFS('Weekly Projections'!$D$2:$D$161,$A10,'Weekly Projections'!$E$2:$E$161,18) -> 0 | T10: =MAX(B10:S10) -> 4
A11: Ohio Dream Team | B11: =COUNTIFS('Weekly Projections'!$D$2:$D$161,$A11,'Weekly Projections'!$E$2:$E$161,1) -> 0 | C11: =COUNTIFS('Weekly Projections'!$D$2:$D$161,$A11,'Weekly Projections'!$E$2:$E$161,2) -> 0 | D11: =COUNTIFS('Weekly Projections'!$D$2:$D$161,$A11,'Weekly Projections'!$E$2:$E$161,3) -> 0 | E11: =COUNTIFS('Weekly Projections'!$D$2:$D$161,$A11,'Weekly Projections'!$E$2:$E$161,4) -> 0 | F11: =COUNTIFS('Weekly Projections'!$D$2:$D$161,$A11,'Weekly Projections'!$E$2:$E$161,5) -> 0 | G11: =COUNTIFS('Weekly Projections'!$D$2:$D$161,$A11,'Weekly Projections'!$E$2:$E$161,6) -> 3 | H11: =COUNTIFS('Weekly Projections'!$D$2:$D$161,$A11,'Weekly Projections'!$E$2:$E$161,7) -> 2 | I11: =COUNTIFS('Weekly Projections'!$D$2:$D$161,$A11,'Weekly Projections'!$E$2:$E$161,8) -> 3 | J11: =COUNTIFS('Weekly Projections'!$D$2:$D$161,$A11,'Weekly Projections'!$E$2:$E$161,9) -> 0 | K11: =COUNTIFS('Weekly Projections'!$D$2:$D$161,$A11,'Weekly Projections'!$E$2:$E$161,10) -> 3 | L11: =COUNTIFS('Weekly Projections'!$D$2:$D$161,$A11,'Weekly Projections'!$E$2:$E$161,11) -> 3 | M11: =COUNTIFS('Weekly Projections'!$D$2:$D$161,$A11,'Weekly Projections'!$E$2:$E$161,12) -> 0 | N11: =COUNTIFS('Weekly Projections'!$D$2:$D$161,$A11,'Weekly Projections'!$E$2:$E$161,13) -> 1 | O11: =COUNTIFS('Weekly Projections'!$D$2:$D$161,$A11,'Weekly Projections'!$E$2:$E$161,14) -> 1 | P11: =COUNTIFS('Weekly Projections'!$D$2:$D$161,$A11,'Weekly Projections'!$E$2:$E$161,15) -> 0 | Q11: =COUNTIFS('Weekly Projections'!$D$2:$D$161,$A11,'Weekly Projections'!$E$2:$E$161,16) -> 0 | R11: =COUNTIFS('Weekly Projections'!$D$2:$D$161,$A11,'Weekly Projections'!$E$2:$E$161,17) -> 0 | S11: =COUNTIFS('Weekly Projections'!$D$2:$D$161,$A11,'Weekly Projections'!$E$2:$E$161,18) -> 0 | T11: =MAX(B11:S11) -> 3
A12: Perrysburg Spreadsheets | B12: =COUNTIFS('Weekly Projections'!$D$2:$D$161,$A12,'Weekly Projections'!$E$2:$E$161,1) -> 0 | C12: =COUNTIFS('Weekly Projections'!$D$2:$D$161,$A12,'Weekly Projections'!$E$2:$E$161,2) -> 0 | D12: =COUNTIFS('Weekly Projections'!$D$2:$D$161,$A12,'Weekly Projections'!$E$2:$E$161,3) -> 0 | E12: =COUNTIFS('Weekly Projections'!$D$2:$D$161,$A12,'Weekly Projections'!$E$2:$E$161,4) -> 0 | F12: =COUNTIFS('Weekly Projections'!$D$2:$D$161,$A12,'Weekly Projections'!$E$2:$E$161,5) -> 1 | G12: =COUNTIFS('Weekly Projections'!$D$2:$D$161,$A12,'Weekly Projections'!$E$2:$E$161,6) -> 4 | H12: =COUNTIFS('Weekly Projections'!$D$2:$D$161,$A12,'Weekly Projections'!$E$2:$E$161,7) -> 1 | I12: =COUNTIFS('Weekly Projections'!$D$2:$D$161,$A12,'Weekly Projections'!$E$2:$E$161,8) -> 2 | J12: =COUNTIFS('Weekly Projections'!$D$2:$D$161,$A12,'Weekly Projections'!$E$2:$E$161,9) -> 0 | K12: =COUNTIFS('Weekly Projections'!$D$2:$D$161,$A12,'Weekly Projections'!$E$2:$E$161,10) -> 2 | L12: =COUNTIFS('Weekly Projections'!$D$2:$D$161,$A12,'Weekly Projections'!$E$2:$E$161,11) -> 3 | M12: =COUNTIFS('Weekly Projections'!$D$2:$D$161,$A12,'Weekly Projections'!$E$2:$E$161,12) -> 0 | N12: =COUNTIFS('Weekly Projections'!$D$2:$D$161,$A12,'Weekly Projections'!$E$2:$E$161,13) -> 3 | O12: =COUNTIFS('Weekly Projections'!$D$2:$D$161,$A12,'Weekly Projections'!$E$2:$E$161,14) -> 0 | P12: =COUNTIFS('Weekly Projections'!$D$2:$D$161,$A12,'Weekly Projections'!$E$2:$E$161,15) -> 0 | Q12: =COUNTIFS('Weekly Projections'!$D$2:$D$161,$A12,'Weekly Projections'!$E$2:$E$161,16) -> 0 | R12: =COUNTIFS('Weekly Projections'!$D$2:$D$161,$A12,'Weekly Projections'!$E$2:$E$161,17) -> 0 | S12: =COUNTIFS('Weekly Projections'!$D$2:$D$161,$A12,'Weekly Projections'!$E$2:$E$161,18) -> 0 | T12: =MAX(B12:S12) -> 4
A13: Second String | B13: =COUNTIFS('Weekly Projections'!$D$2:$D$161,$A13,'Weekly Projections'!$E$2:$E$161,1) -> 0 | C13: =COUNTIFS('Weekly Projections'!$D$2:$D$161,$A13,'Weekly Projections'!$E$2:$E$161,2) -> 0 | D13: =COUNTIFS('Weekly Projections'!$D$2:$D$161,$A13,'Weekly Projections'!$E$2:$E$161,3) -> 0 | E13: =COUNTIFS('Weekly Projections'!$D$2:$D$161,$A13,'Weekly Projections'!$E$2:$E$161,4) -> 0 | F13: =COUNTIFS('Weekly Projections'!$D$2:$D$161,$A13,'Weekly Projections'!$E$2:$E$161,5) -> 1 | G13: =COUNTIFS('Weekly Projections'!$D$2:$D$161,$A13,'Weekly Projections'!$E$2:$E$161,6) -> 3 | H13: =COUNTIFS('Weekly Projections'!$D$2:$D$161,$A13,'Weekly Projections'!$E$2:$E$161,7) -> 1 | I13: =COUNTIFS('Weekly Projections'!$D$2:$D$161,$A13,'Weekly Projections'!$E$2:$E$161,8) -> 1 | J13: =COUNTIFS('Weekly Projections'!$D$2:$D$161,$A13,'Weekly Projections'!$E$2:$E$161,9) -> 1 | K13: =COUNTIFS('Weekly Projections'!$D$2:$D$161,$A13,'Weekly Projections'!$E$2:$E$161,10) -> 4 | L13: =COUNTIFS('Weekly Projections'!$D$2:$D$161,$A13,'Weekly Projections'!$E$2:$E$161,11) -> 1 | M13: =COUNTIFS('Weekly Projections'!$D$2:$D$161,$A13,'Weekly Projections'!$E$2:$E$161,12) -> 0 | N13: =COUNTIFS('Weekly Projections'!$D$2:$D$161,$A13,'Weekly Projections'!$E$2:$E$161,13) -> 3 | O13: =COUNTIFS('Weekly Projections'!$D$2:$D$161,$A13,'Weekly Projections'!$E$2:$E$161,14) -> 1 | P13: =COUNTIFS('Weekly Projections'!$D$2:$D$161,$A13,'Weekly Projections'!$E$2:$E$161,15) -> 0 | Q13: =COUNTIFS('Weekly Projections'!$D$2:$D$161,$A13,'Weekly Projections'!$E$2:$E$161,16) -> 0 | R13: =COUNTIFS('Weekly Projections'!$D$2:$D$161,$A13,'Weekly Projections'!$E$2:$E$161,17) -> 0 | S13: =COUNTIFS('Weekly Projections'!$D$2:$D$161,$A13,'Weekly Projections'!$E$2:$E$161,18) -> 0 | T13: =MAX(B13:S13) -> 4

Sheet By Position
A1: Season-total projected points by position group, per fantasy team.
A3: Fantasy Team | B3: TQB | C3: RB | D3: WR | E3: TE | F3: D/ST | G3: K | H3: Total
A4: Balls Deep! | B4: =SUMIFS('Weekly Projections'!$X$2:$X$161,'Weekly Projections'!$D$2:$D$161,$A4,'Weekly Projections'!$B$2:$B$161,"TQB") -> 697.6 | C4: =SUMIFS('Weekly Projections'!$X$2:$X$161,'Weekly Projections'!$D$2:$D$161,$A4,'Weekly Projections'!$B$2:$B$161,"RB") -> 944.57 | D4: =SUMIFS('Weekly Projections'!$X$2:$X$161,'Weekly Projections'!$D$2:$D$161,$A4,'Weekly Projections'!$B$2:$B$161,"WR") -> 1004.92 | E4: =SUMIFS('Weekly Projections'!$X$2:$X$161,'Weekly Projections'!$D$2:$D$161,$A4,'Weekly Projections'!$B$2:$B$161,"TE") -> 403.21 | F4: =SUMIFS('Weekly Projections'!$X$2:$X$161,'Weekly Projections'!$D$2:$D$161,$A4,'Weekly Projections'!$B$2:$B$161,"D/ST") -> 281.46 | G4: =SUMIFS('Weekly Projections'!$X$2:$X$161,'Weekly Projections'!$D$2:$D$161,$A4,'Weekly Projections'!$B$2:$B$161,"K") -> 300.07 | H4: =SUM(B4:G4) -> 3631.83
A5: Bengals super bowl | B5: =SUMIFS('Weekly Projections'!$X$2:$X$161,'Weekly Projections'!$D$2:$D$161,$A5,'Weekly Projections'!$B$2:$B$161,"TQB") -> 700.86 | C5: =SUMIFS('Weekly Projections'!$X$2:$X$161,'Weekly Projections'!$D$2:$D$161,$A5,'Weekly Projections'!$B$2:$B$161,"RB") -> 814.13 | D5: =SUMIFS('Weekly Projections'!$X$2:$X$161,'Weekly Projections'!$D$2:$D$161,$A5,'Weekly Projections'!$B$2:$B$161,"WR") -> 1025.97 | E5: =SUMIFS('Weekly Projections'!$X$2:$X$161,'Weekly Projections'!$D$2:$D$161,$A5,'Weekly Projections'!$B$2:$B$161,"TE") -> 355.75 | F5: =SUMIFS('Weekly Projections'!$X$2:$X$161,'Weekly Projections'!$D$2:$D$161,$A5,'Weekly Projections'!$B$2:$B$161,"D/ST") -> 279.13 | G5: =SUMIFS('Weekly Projections'!$X$2:$X$161,'Weekly Projections'!$D$2:$D$161,$A5,'Weekly Projections'!$B$2:$B$161,"K") -> 278.6 | H5: =SUM(B5:G5) -> 3454.44
A6: Can't Ceedee Ball | B6: =SUMIFS('Weekly Projections'!$X$2:$X$161,'Weekly Projections'!$D$2:$D$161,$A6,'Weekly Projections'!$B$2:$B$161,"TQB") -> 714.96 | C6: =SUMIFS('Weekly Projections'!$X$2:$X$161,'Weekly Projections'!$D$2:$D$161,$A6,'Weekly Projections'!$B$2:$B$161,"RB") -> 1013.92 | D6: =SUMIFS('Weekly Projections'!$X$2:$X$161,'Weekly Projections'!$D$2:$D$161,$A6,'Weekly Projections'!$B$2:$B$161,"WR") -> 959.58 | E6: =SUMIFS('Weekly Projections'!$X$2:$X$161,'Weekly Projections'!$D$2:$D$161,$A6,'Weekly Projections'!$B$2:$B$161,"TE") -> 407.82 | F6: =SUMIFS('Weekly Projections'!$X$2:$X$161,'Weekly Projections'!$D$2:$D$161,$A6,'Weekly Projections'!$B$2:$B$161,"D/ST") -> 277.49 | G6: =SUMIFS('Weekly Projections'!$X$2:$X$161,'Weekly Projections'!$D$2:$D$161,$A6,'Weekly Projections'!$B$2:$B$161,"K") -> 296.33 | H6: =SUM(B6:G6) -> 3670.1
A7: Enrico Paldowdle | B7: =SUMIFS('Weekly Projections'!$X$2:$X$161,'Weekly Projections'!$D$2:$D$161,$A7,'Weekly Projections'!$B$2:$B$161,"TQB") -> 723.26 | C7: =SUMIFS('Weekly Projections'!$X$2:$X$161,'Weekly Projections'!$D$2:$D$161,$A7,'Weekly Projections'!$B$2:$B$161,"RB") -> 922.41 | D7: =SUMIFS('Weekly Projections'!$X$2:$X$161,'Weekly Projections'!$D$2:$D$161,$A7,'Weekly Projections'!$B$2:$B$161,"WR") -> 869.59 | E7: =SUMIFS('Weekly Projections'!$X$2:$X$161,'Weekly Projections'!$D$2:$D$161,$A7,'Weekly Projections'!$B$2:$B$161,"TE") -> 385.51 | F7: =SUMIFS('Weekly Projections'!$X$2:$X$161,'Weekly Projections'!$D$2:$D$161,$A7,'Weekly Projections'!$B$2:$B$161,"D/ST") -> 254.93 | G7: =SUMIFS('Weekly Projections'!$X$2:$X$161,'Weekly Projections'!$D$2:$D$161,$A7,'Weekly Projections'!$B$2:$B$161,"K") -> 275.96 | H7: =SUM(B7:G7) -> 3431.66
A8: KC KRUNCH XXVI | B8: =SUMIFS('Weekly Projections'!$X$2:$X$161,'Weekly Projections'!$D$2:$D$161,$A8,'Weekly Projections'!$B$2:$B$161,"TQB") -> 683.05 | C8: =SUMIFS('Weekly Projections'!$X$2:$X$161,'Weekly Projections'!$D$2:$D$161,$A8,'Weekly Projections'!$B$2:$B$161,"RB") -> 1035.3 | D8: =SUMIFS('Weekly Projections'!$X$2:$X$161,'Weekly Projections'!$D$2:$D$161,$A8,'Weekly Projections'!$B$2:$B$161,"WR") -> 963.01 | E8: =SUMIFS('Weekly Projections'!$X$2:$X$161,'Weekly Projections'!$D$2:$D$161,$A8,'Weekly Projections'!$B$2:$B$161,"TE") -> 336.33 | F8: =SUMIFS('Weekly Projections'!$X$2:$X$161,'Weekly Projections'!$D$2:$D$161,$A8,'Weekly Projections'!$B$2:$B$161,"D/ST") -> 267.02 | G8: =SUMIFS('Weekly Projections'!$X$2:$X$161,'Weekly Projections'!$D$2:$D$161,$A8,'Weekly Projections'!$B$2:$B$161,"K") -> 287.11 | H8: =SUM(B8:G8) -> 3571.82
A9: Miami Venom🏆🏆 | B9: =SUMIFS('Weekly Projections'!$X$2:$X$161,'Weekly Projections'!$D$2:$D$161,$A9,'Weekly Projections'!$B$2:$B$161,"TQB") -> 664.95 | C9: =SUMIFS('Weekly Projections'!$X$2:$X$161,'Weekly Projections'!$D$2:$D$161,$A9,'Weekly Projections'!$B$2:$B$161,"RB") -> 749.36 | D9: =SUMIFS('Weekly Projections'!$X$2:$X$161,'Weekly Projections'!$D$2:$D$161,$A9,'Weekly Projections'!$B$2:$B$161,"WR") -> 1059.08 | E9: =SUMIFS('Weekly Projections'!$X$2:$X$161,'Weekly Projections'!$D$2:$D$161,$A9,'Weekly Projections'!$B$2:$B$161,"TE") -> 361.56 | F9: =SUMIFS('Weekly Projections'!$X$2:$X$161,'Weekly Projections'!$D$2:$D$161,$A9,'Weekly Projections'!$B$2:$B$161,"D/ST") -> 244.65 | G9: =SUMIFS('Weekly Projections'!$X$2:$X$161,'Weekly Projections'!$D$2:$D$161,$A9,'Weekly Projections'!$B$2:$B$161,"K") -> 313.81 | H9: =SUM(B9:G9) -> 3393.41
A10: MR. PLOW | B10: =SUMIFS('Weekly Projections'!$X$2:$X$161,'Weekly Projections'!$D$2:$D$161,$A10,'Weekly Projections'!$B$2:$B$161,"TQB") -> 624.88 | C10: =SUMIFS('Weekly Projections'!$X$2:$X$161,'Weekly Projections'!$D$2:$D$161,$A10,'Weekly Projections'!$B$2:$B$161,"RB") -> 848.85 | D10: =SUMIFS('Weekly Projections'!$X$2:$X$161,'Weekly Projections'!$D$2:$D$161,$A10,'Weekly Projections'!$B$2:$B$161,"WR") -> 1048.19 | E10: =SUMIFS('Weekly Projections'!$X$2:$X$161,'Weekly Projections'!$D$2:$D$161,$A10,'Weekly Projections'!$B$2:$B$161,"TE") -> 381.06 | F10: =SUMIFS('Weekly Projections'!$X$2:$X$161,'Weekly Projections'!$D$2:$D$161,$A10,'Weekly Projections'!$B$2:$B$161,"D/ST") -> 266.9 | G10: =SUMIFS('Weekly Projections'!$X$2:$X$161,'Weekly Projections'!$D$2:$D$161,$A10,'Weekly Projections'!$B$2:$B$161,"K") -> 291.35 | H10: =SUM(B10:G10) -> 3461.23
A11: Ohio Dream Team | B11: =SUMIFS('Weekly Projections'!$X$2:$X$161,'Weekly Projections'!$D$2:$D$161,$A11,'Weekly Projections'!$B$2:$B$161,"TQB") -> 665.75 | C11: =SUMIFS('Weekly Projections'!$X$2:$X$161,'Weekly Projections'!$D$2:$D$161,$A11,'Weekly Projections'!$B$2:$B$161,"RB") -> 933.46 | D11: =SUMIFS('Weekly Projections'!$X$2:$X$161,'Weekly Projections'!$D$2:$D$161,$A11,'Weekly Projections'!$B$2:$B$161,"WR") -> 1011.86 | E11: =SUMIFS('Weekly Projections'!$X$2:$X$161,'Weekly Projections'!$D$2:$D$161,$A11,'Weekly Projections'!$B$2:$B$161,"TE") -> 379.8 | F11: =SUMIFS('Weekly Projections'!$X$2:$X$161,'Weekly Projections'!$D$2:$D$161,$A11,'Weekly Projections'!$B$2:$B$161,"D/ST") -> 250.48 | G11: =SUMIFS('Weekly Projections'!$X$2:$X$161,'Weekly Projections'!$D$2:$D$161,$A11,'Weekly Projections'!$B$2:$B$161,"K") -> 280.43 | H11: =SUM(B11:G11) -> 3521.78
A12: Perrysburg Spreadsheets | B12: =SUMIFS('Weekly Projections'!$X$2:$X$161,'Weekly Projections'!$D$2:$D$161,$A12,'Weekly Projections'!$B$2:$B$161,"TQB") -> 690.97 | C12: =SUMIFS('Weekly Projections'!$X$2:$X$161,'Weekly Projections'!$D$2:$D$161,$A12,'Weekly Projections'!$B$2:$B$161,"RB") -> 1157.46 | D12: =SUMIFS('Weekly Projections'!$X$2:$X$161,'Weekly Projections'!$D$2:$D$161,$A12,'Weekly Projections'!$B$2:$B$161,"WR") -> 963.88 | E12: =SUMIFS('Weekly Projections'!$X$2:$X$161,'Weekly Projections'!$D$2:$D$161,$A12,'Weekly Projections'!$B$2:$B$161,"TE") -> 366.74 | F12: =SUMIFS('Weekly Projections'!$X$2:$X$161,'Weekly Projections'!$D$2:$D$161,$A12,'Weekly Projections'!$B$2:$B$161,"D/ST") -> 289.93 | G12: =SUMIFS('Weekly Projections'!$X$2:$X$161,'Weekly Projections'!$D$2:$D$161,$A12,'Weekly Projections'!$B$2:$B$161,"K") -> 306.29 | H12: =SUM(B12:G12) -> 3775.27
A13: Second String | B13: =SUMIFS('Weekly Projections'!$X$2:$X$161,'Weekly Projections'!$D$2:$D$161,$A13,'Weekly Projections'!$B$2:$B$161,"TQB") -> 702.17 | C13: =SUMIFS('Weekly Projections'!$X$2:$X$161,'Weekly Projections'!$D$2:$D$161,$A13,'Weekly Projections'!$B$2:$B$161,"RB") -> 1055.51 | D13: =SUMIFS('Weekly Projections'!$X$2:$X$161,'Weekly Projections'!$D$2:$D$161,$A13,'Weekly Projections'!$B$2:$B$161,"WR") -> 1007.84 | E13: =SUMIFS('Weekly Projections'!$X$2:$X$161,'Weekly Projections'!$D$2:$D$161,$A13,'Weekly Projections'!$B$2:$B$161,"TE") -> 332.01 | F13: =SUMIFS('Weekly Projections'!$X$2:$X$161,'Weekly Projections'!$D$2:$D$161,$A13,'Weekly Projections'!$B$2:$B$161,"D/ST") -> 281.67 | G13: =SUMIFS('Weekly Projections'!$X$2:$X$161,'Weekly Projections'!$D$2:$D$161,$A13,'Weekly Projections'!$B$2:$B$161,"K") -> 294.79 | H13: =SUM(B13:G13) -> 3673.99

Sheet Bye Schedule
A1: NFL Team | B1: Bye Week | C1: Rostered Players Affected
A2: CAR | B2: 5 | C2: =COUNTIF('Weekly Projections'!$C$2:$C$161,$A2) -> 2
A3: KC | B3: 5 | C3: =COUNTIF('Weekly Projections'!$C$2:$C$161,$A3) -> 6
A4: CIN | B4: 6 | C4: =COUNTIF('Weekly Projections'!$C$2:$C$161,$A4) -> 6
A5: DET | B5: 6 | C5: =COUNTIF('Weekly Projections'!$C$2:$C$161,$A5) -> 8
A6: MIA | B6: 6 | C6: =COUNTIF('Weekly Projections'!$C$2:$C$161,$A6) -> 1
A7: MIN | B7: 6 | C7: =COUNTIF('Weekly Projections'!$C$2:$C$161,$A7) -> 6
A8: BUF | B8: 7 | C8: =COUNTIF('Weekly Projections'!$C$2:$C$161,$A8) -> 6
A9: JAX | B9: 7 | C9: =COUNTIF('Weekly Projections'!$C$2:$C$161,$A9) -> 7
A10: LAC | B10: 7 | C10: =COUNTIF('Weekly Projections'!$C$2:$C$161,$A10) -> 5
A11: WSH | B11: 7 | C11: =COUNTIF('Weekly Projections'!$C$2:$C$161,$A11) -> 4
A12: HOU | B12: 8 | C12: =COUNTIF('Weekly Projections'!$C$2:$C$161,$A12) -> 4
A13: NO | B13: 8 | C13: =COUNTIF('Weekly Projections'!$C$2:$C$161,$A13) -> 3
... A33: DAL | B33: 14 | C33: =COUNTIF('Weekly Projections'!$C$2:$C$161,$A33) -> 7

Sheet Notes
A1: BIG MONEY — 2026 Weekly Projections
A3: Source | B3: ESPN Fantasy API, league 153385, season 2026, pulled 2026-08-26.
A4: Endpoint | B4: lm-api-reads.fantasy.espn.com/apis/v3/games/ffl/seasons/2026/segments/0/leagues/153385?view=mRoster&view=mTeam&scoringPeriodId=<week>
A5: Stat selected | B5: stats entry where statSourceId=1 (projection), statSplitTypeId=1 (single week); field = appliedTotal.
A6: Scoring | B6: appliedTotal is already scored under this league's own settings, not generic ESPN scoring.
A8: Assumption — bye weeks | B8: ESPN returns 0.00 for skill players on bye but still returns a projection for D/ST units on bye.
B9: For consistency, each NFL team's bye was derived as the week where its rostered skill players all project 0,
B10: and every player from that team was forced to 0 for that week. Bye cells display as "BYE" and are shaded.
B11: Derived byes span Wk 5-14 and cover all 32 NFL teams; see the Bye Schedule tab.
A13: Assumption — totals | B13: Team Weekly Totals sums all 16 rostered players, not an optimal starting lineup.
B14: Treat it as roster strength, not a projected score. Pair it with the Players on Bye tab to spot thin weeks.
A16: Note — off-bye zeros | B16: A 0.0 outside a bye week is ESPN itself projecting nothing (e.g. George Kittle, Wk 1). Those are left as 0.0, not labelled BYE.
A18: Caveat | B18: ESPN regenerates projections weekly. Weeks beyond the current one are a season-long baseline and will move.
B19: Re-run espn_projections.py to refresh, then rebuild this workbook.
